3474.6903527308763842,1601.496560297237238,0.28413980862838067454,0.5807388958073889107,7622.3430633544921875,0.56914406814694284975,4.4486178207181517053,0.13195903406665671076,0.91892054135303213869,3719.7319193173639178
3412.3148013987911327,1007.6221531035126873,0.18227441293713486647,0.53113325031133251652,9118.320465087890625,0.45999511751197535991,3.3693103610209713672,0.054606132817362484921,0.90435752153150628097,4175.0945129045439899
2107.3402467586047351,812.69863224485777664,0.22957750906739132768,0.50103777501037771724,4352.6973724365234375,0.32779929935692714293,5.4291103692871338637,0.022478575127955587737,0.87166871327382533519,2747.4675454037719646
2553.5671467148399643,447.72741025565665041,0.11741715686688143638,0.50726442507264424275,6656.31866455078125,0.39230686649564661117,4.8660571863315231766,0.067465564296546626233,0.86773417277040754136,3485.8813155633374663
2563.1568082228541243,1127.4128797776563715,0.19420113179594239439,0.52806652806652809584,5788.2574796676635742,0.44348477976644956611,5.6069249443440840608,0.056831441605053489852,0.90154231922541394617,3160.8650988456315645
3953.8560796671708886,2038.7840101799295098,0.28512317571085293855,0.4912826899128269198,8088.4037017822265625,0.66645057191525358675,4.3036840407190348756,0.14954207896622687124,0.92892885982803574674,3890.3582203366991052
3396.0249796494017573,966.02413929629153699,0.074698878344252928052,0.59858862598588624682,8292.7722930908203125,0.51308487895934407064,2.13873474740418823,0.02123058194629464171,0.89978108721780025725,3474.2271968372642732
2288.3408386702049029,680.82151754948620237,0.27600410941499137207,0.51515151515151513806,5595.703125,0.39535797630094177135,4.4775499497431292539,0.023846712371497082172,0.87577175251774053155,2902.0612680730382635
2325.0575800774754498,628.09888778045376512,0.17545239258491235335,0.51058530510585309337,4650.1750946044921875,0.38394715184930777729,7.3874981083378710167,0.034281529507017280411,0.87829680751074168388,3210.5183111069086408
3453.6832095782656324,867.74079216034772344,0.18772364363369437035,0.55687007056870074795,9342.5159454345703125,0.43210481646229476071,3.2805456318119308179,0.072283947866813219596,0.89661822620299869158,4369.4569357106593088
2282.989880457558229,882.35507691137343045,0.23086032331802783246,0.48360315483603155684,4594.8314666748046875,0.40763926818546303288,5.3251280687811402004,0.029101177204578679292,0.8748576950381841133,2906.5825646247521945
3237.3963840542601247,1381.1619435228296879,0.21974465804879364517,0.54919053549190532948,7450.8476257324209655,0.48444564489901748017,4.7881533322967309019,0.10469741908489023363,0.91058246965718503407,3883.4938336793788949
2373.4141989513404951,733.65203244160977647,0.12012873305754506736,0.54337899543378997969,4750.37384033203125,0.41745352594488061015,7.1334470226370561008,0.038358241843554900796,0.88619907358785898754,3140.2881742952636159
2990.3223283724614703,828.69860085041693765,0.12318229562944230104,0.50228690228690231478,7687.3903155326843262,0.43875223918905975617,3.9958763507290089301,0.079408744479069440225,0.89657093497786033431,3844.3091217273204165
3133.0548800576934809,1276.2187647499192735,0.1628057340814672016,0.55230386052303859223,8635.3969573974609375,0.47054519498337471495,3.3394141864525788144,0.020382287408775744825,0.89930441127889770847,3722.8991748578359875
3769.7969815036753971,1028.7781789676223525,0.22117255501399973872,0.48731808731808734514,8759.6555113792419434,0.57553409735438232353,3.4458292898467042242,0.084605720929142688713,0.91960995375147158715,4115.6347606742156131
3533.6884130528096648,740.79734713248603839,0.11630217879809119641,0.60958904109589040488,8953.388214111328125,0.46423806976699782956,3.2693092033083703818,0.059628444470387488574,0.90250361159641678821,4236.2841010328529592
3819.0593212280500666,1744.2965056892417124,0.22022886573786612519,0.55883575883575886678,9155.7539463043212891,0.53282766076404131095,2.9205517018157052256,0.075128292601987778365,0.92222656765988197947,4122.8603380172153265
2649.0111163776864487,1386.647487089228207,0.15188611881404090465,0.53071814030718145183,6018.9456939697265625,0.4303858846101473179,5.786643242743407356,0.037988243842888957946,0.89866874682968134191,3287.4117447179110059
3427.2559923848789367,978.88321608318221934,0.27001071846495156015,0.54753009547530095968,9348.552703857421875,0.43235811533920132099,3.5628050178935777303,0.068308342111191966417,0.8998714620543698528,4421.9660449946804874
2823.453059898041829,910.3803123481785633,0.13984949979908981033,0.53715234537152345418,6498.859405517578125,0.46093890550106830784,4.9970071978894576858,0.054258054338869939059,0.89431375154439429753,3554.6978239086110989
3510.8661792327861804,621.84155064117305756,0.14040259910454194747,0.59651307596513081233,8863.1572723388671875,0.47646640795482203545,2.8087671408371326365,0.050739145101795210535,0.89938198584533080027,4103.8878369425738128
2331.0284587280602864,647.78623514714854537,0.14520693628026151711,0.54073298429319371916,4470.0322151184082031,0.44929294212924864027,6.8245887509970168949,0.042498597047126766835,0.89039642548004371836,2794.9129048787990541
1873.6607131531177401,642.58039084152130727,0.2017379721323747932,0.50207555002075554551,3826.6010284423832672,0.30395587855423844559,6.2480251693667243629,0.023848172292462659072,0.85946770556043261546,2795.0586742976570349
2709.1928238066175254,811.60733273051368997,0.1166734901971543531,0.49086757990867579959,5969.3927764892578125,0.47679688937452052722,5.0571996344777581101,0.041154771638695429592,0.89545273255490620556,3224.3553575886180624
3668.4542578197920193,1124.8932819034810109,0.28618003884801529457,0.49647156496471567255,8932.7716827392578125,0.51046250261087566802,3.4729745394496283062,0.13678813450640653349,0.90906226668074574526,4316.4757091960573234
3214.3430681693575934,986.3853815658211488,0.23492396506904475451,0.51120797011207974592,7897.5849151611328125,0.48270101902889234191,4.0435668915673019796,0.069214742684124835881,0.90045830091270673279,3928.1977061864035932
3236.4893170067257415,995.7796861303646665,0.21679497532878003185,0.58177667081776673896,7913.480758666991278,0.47695276713853762551,4.0043513418119403013,0.048150927567177891075,0.90503804099549900464,3945.42340351321036
2717.5879405020709783,720.0875529268162154,0.15908500663045341272,0.55707762557077622478,6709.1674804687509095,0.40649696619118280694,4.902609307816133466,0.054897615914553436756,0.88726395082240316903,3662.6920379242078525
2883.6478511116965819,614.3020403082333587,0.24672203458906474816,0.49501867995018677959,7342.1802520751953125,0.4073136470393159958,4.4812664827688726277,0.069498573940064548027,0.88616854944125278415,3827.5413251524828411
3616.9410725913253373,1246.4424707767902873,0.10350356853004362423,0.58219178082191780366,8803.2703399658203125,0.50514812334820979878,3.4307812484297466327,0.10326144181173049774,0.90891909210302579414,4171.4509700031685497
2313.2949447079481615,958.18172073313473902,0.28813152415442649934,0.54462432544624328479,5255.5789947509765625,0.39368808923514359011,5.2340178040101017487,0.034732051726873346131,0.88912585513787800728,2835.8576130193005156
3683.6308276539170947,1353.8379613861163762,0.34571482082483845355,0.44416770444167702481,8821.3748931884765625,0.52370021263822752466,3.9600448644104142559,0.15606554966814911722,0.92075413397942962312,4314.8618563165664455
1657.9637410151453878,567.98197765187330788,0.19299626868650798794,0.5682855956828559707,3386.0836029052734375,0.31533983188025832556,10.865951960994806313,0.028828775708644699405,0.86252157791391004249,2389.6101283218190474
2919.915019341997322,838.31719955117023346,0.25598546883556139164,0.48671647986716481959,7519.43206787109375,0.41030067756060473183,4.415751068620088482,0.083918257015122746378,0.8892981940879040037,3884.1386902245226338
4081.0688484439465356,2043.1907025154175699,0.1393009868077286495,0.53860523038605234714,8569.141387939453125,0.65251315085124106385,3.5303446733208239117,0.050641789169065157261,0.92781228400053439298,3917.5118878027665232
3408.3415289231215866,1237.0066719341348289,0.25345901151331590162,0.51847239518472398867,8057.201385498046875,0.52070020850267673129,4.0177155096846011162,0.09644106786329340042,0.90724010854138481541,4002.8262138353311457
4265.7381148569647848,1235.7950390132659777,0.19564833882215282301,0.50311332503113326275,10146.532058715820312,0.54572012315790296988,2.5851664851030946579,0.11325583131717428809,0.91851780633709478874,4506.6327289232212934
3975.0609840420356704,1819.1755432724810362,0.14770050949237528704,0.49896222498962222724,8826.5132904052734375,0.60575586334001052524,3.187918811046582146,0.069359691588199282042,0.92604901839873010605,4041.0394395028715735
4239.0622691580520041,1963.9267643775090164,0.31453023390387629954,0.53846153846153843592,9175.951838493347168,0.62970575858233601707,2.9956278490295109584,0.15461005630883389861,0.93570314741678528581,4180.0442322125963983
3169.3789351557047667,729.64783460380749602,0.1926763560982676371,0.46990452469904525623,8174.835205078125,0.41846015639628064697,3.8654822107614119631,0.076154901897465099303,0.8930660842497254448,4081.1783130662042822
2776.2015737705746687,978.8043769547696229,0.13317852436525789983,0.52303860523038603336,5963.5562896728515625,0.4967766234802590275,5.6564237953497533695,0.041457591303157979856,0.90419096961521061573,3182.4835077918642128
4182.8467819962233989,1961.7415840094881787,0.12657574690239364879,0.48235782482357825174,8718.3208465576171875,0.66379159028727430236,3.1822967259356942371,0.062876287778088249536,0.9290287059479093168,3952.1654139691236196
1818.2438284096415373,586.96560988808641923,0.22825084996213515498,0.56454960564549605539,3580.7304382324214203,0.32823492016356536904,9.6182073968321351032,0.030428168716516507813,0.86693289779159143915,2664.4884499394461272
3284.7378468185124802,1487.5283760349796012,0.132482503148390246,0.62100456621004562763,6694.398880004881903,0.56463533043380598198,4.9337594682635588228,0.05330846992976492893,0.91225065496533586096,3748.2676294019038323
2404.9117199895763406,875.11017595302837435,0.11419409211051909092,0.47384806973848070388,5599.273681640625,0.37803090196443633886,5.7536533391946287352,0.040344191241436594408,0.88204633827780976052,3364.6883169534967237
1742.3026985537119344,418.25402451274482019,0.14977934328326134028,0.51162308011623081061,2624.6051788330078125,0.25601261177350959075,10.331770402453216207,0.043850411503289291049,0.84550775919441423234,2947.2920645067929399
4181.3964384451865044,1583.4430006888853768,0.16381245622036594289,0.46507276507276507083,10113.576686382293701,0.55616211980757079836,2.6510044021723140339,0.079736649303652401555,0.92731016899413365451,4483.8728083184205389
2937.103242842738382,1300.6298485631741642,0.24245315497603434074,0.44914902449149024521,6437.313079833984375,0.46717159123915691366,5.5545756254965832355,0.059889749067232260493,0.9061355046439740768,3637.2725428584562906
4412.3321938311382837,1790.8847444557593462,0.25177237468040525314,0.55251141552511418009,10337.001800537109375,0.57380866352968062927,2.7481239987555086124,0.13357471924996655588,0.92354136845999124095,4642.6449198680502377
2840.9552789419408327,1129.5613881910742293,0.37025934783174324627,0.52303860523038603336,5940.4621124267578125,0.46950768405329257327,6.7134256420780991093,0.13995014339753167332,0.90602688511183260278,3595.09230636791699
3483.6398481700089178,1540.6493508738867604,0.29201265483243815657,0.55811540058115405305,8162.395477294921875,0.51536623254310176545,4.2913373408999637704,0.098500469996393599792,0.91470627835716988852,4226.4640513848535193
3572.1361316410911968,1143.4536725029522586,0.14688674354201855521,0.52241594022415938081,8012.346267700194403,0.54608651365083704654,3.6967681784680692658,0.096015206138909056643,0.90926918123591726761,3856.0737563574034539
3060.4576116596422253,1281.0954462313229669,0.1318869269511876996,0.41787941787941790261,6460.0871086120605469,0.58367615543006046153,4.1039863948034414065,0.049631893552442164774,0.91460165068792409482,3111.8942027997659352
3750.5726887303126205,1057.0708843295128645,0.19095011758123373036,0.54732254047322537183,9322.540283203125,0.51506350652292676173,3.4158691067390973828,0.11957159938739785054,0.91212700987765849003,4372.0976436116898185
3102.1122699673651368,1171.022470880525816,0.23761005885972633078,0.66874221668742217517,7583.324432373046875,0.47453233576060982468,4.3119128864902727116,0.078025308731091980174,0.89947475284904976345,3815.7606046635401071
2347.4270209803389662,1078.2597334726940517,0.11288932064226829544,0.56673596673596671192,4520.174717903137207,0.44801472869038838631,7.281447044130152868,0.042971515979842909994,0.90029411958303451335,2902.9542814504839043
3121.354169586998978,919.77046748491068229,0.15669772176187127255,0.50207555002075554551,8346.33636474609375,0.42805620567946855992,3.5070227012937005284,0.045326634792011231967,0.89649582926112325598,3910.3561452323269805
4533.7938200031785527,2116.2330802758674508,0.17147322482871199534,0.61083437110834370998,9455.852508544921875,0.6779350571374146428,2.64956707024610294,0.084301887254013510575,0.93253653307411121798,4098.6975950248997833
3804.7885889276776652,1209.0478273423088922,0.21988509299868891356,0.54462432544624328479,9401.630401611328125,0.49711577783032223632,3.2796593052776343846,0.13005145339742515964,0.91254776606634757652,4379.1762926900792081
2492.243640185838558,887.8447699055832345,0.19351841144747361501,0.57990867579908678131,4635.6754302978515625,0.43318746906379901329,7.0027342635956255634,0.054442516891863725059,0.89293993992342279853,3276.5025469686543147
2380.2057642848321848,1060.9837947554690345,0.10792374156635796412,0.60792860107928603508,4810.6212615966796875,0.46820425790464498261,6.7693690055496942293,0.028699246225666396465,0.89260106897066404663,2768.534181962258117
1845.3651854861498123,620.9286765227103615,0.21729500887360009287,0.53466168534661684397,3701.694488525390625,0.36799755087977220613,10.11888710080751963,0.035803516659150165513,0.85288713086610246084,2712.2984174402963617
3184.9222749765544904,865.72831967191859803,0.19899015008166354157,0.53403902034039019142,8002.2010803222647155,0.42285239065455487717,4.2617820499830250114,0.057071732618682737004,0.89547217116578026186,4089.9036582328849363
2742.6024180914059798,928.65439242867739722,0.2053535556470863499,0.52511415525114157887,6076.5380859375,0.43901869335390175664,5.9504861721883797188,0.078489664777454212774,0.89414347327917242936,3463.9332390553768164
2507.9699752527712917,958.50952553021909353,0.16094916944538892323,0.57451224574512249621,5145.023345947265625,0.4310579779155019331,6.3134029829118869515,0.041292143951842615046,0.89174018279727884639,3320.5685789806739194
1286.1449912889625011,636.75459419460469235,0.15483907754513717703,0.50435865504358656786,3139.7838592529296875,0.28008348980808783768,6.9430042618069629512,0.0038842186151275795609,0.85002370580046571202,1428.6252905800029112
4039.9049260044394032,942.33920534999560914,0.22678214614880448652,0.51701951017019509571,9829.044342041015625,0.51760230077124780301,2.6510550983656799851,0.06275455890838252393,0.91106499464614199013,4457.7795238361441079
3268.1336360406867243,989.46425700172710549,0.24203192835365552882,0.48132004981320047898,8387.0029449462890625,0.4662730406284857354,3.3311739556297941256,0.039769309995464498242,0.89314251693026303069,3975.2527833686585836
2560.8512693998914074,903.01092855549768501,0.24819723102855439922,0.59464508094645085468,5583.4865570068359375,0.38740439664492282157,6.4802488269870064386,0.075339083923505981155,0.89263228805091454632,3369.205007581506834
2798.0629660910462917,1075.8677923142224699,0.21597900644140441417,0.57222914072229136284,6091.3410186767578125,0.44756780780510929674,5.8719826840706508264,0.057688465799208631102,0.89629211549428611239,3693.9620832600912763
3232.3809432006241877,1630.2645433122461327,0.053954228477589287472,0.56247405562474050988,7290.2927398681640625,0.5669766081118889911,4.4237202783269511386,0.057052920001324607113,0.91667299530314361178,3424.4330327715083513
2799.3584159700862983,814.25466767405555402,0.16688894876652041188,0.48609381486093816704,6976.5014648437490905,0.42638964883685187557,4.8064435181522666696,0.058084035191136411391,0.89668926335852106035,3588.5094130583129299
1998.6400184095584791,839.65331530637467949,0.20443275741266031531,0.57388958073889584366,3690.9427642822265625,0.31764476581068551431,9.218348100736081463,0.030528657619534008139,0.8734335389576328712,2623.7462901297917597
1190.8225665961567756,698.19999049813520742,0.19133379982840822975,0.55509355509355506886,2066.851043701171875,0.26042369827927752679,24.913659691741315783,0.0098393667080774512707,0.8515896463852660192,1177.0142128958307239
2582.4887999221045902,1113.2499874652701237,0.24137393134455825683,0.48152760481527606684,5433.10546875,0.44098018894712021076,6.6964867118078812425,0.069809530428407998159,0.89971411105714627077,3238.1689350752617429
4117.9637418643651472,1137.3498641926855726,0.13662544378374735787,0.50767953507679530745,10370.744705200195312,0.50502329516646615737,2.8555751155062760738,0.05522572710078251651,0.9152192496662316934,4563.7846501106432697
3832.4272985888324001,1184.0226282129970059,0.23581412180620761609,0.4975093399750933898,8730.8177947998046875,0.57284576016695609724,3.5583651326194929432,0.13977750491812906963,0.91953082885015779979,4094.716783139733252
1476.8844544095786659,777.73297384611726102,0.1840231496779284881,0.55155925155925156211,2833.8452339172363281,0.3248462963855157648,12.978448431687416686,0.013922151609698434765,0.86615124039660573718,1641.2405808530543254
3038.7915927184130851,895.02328001894909448,0.17529705494032432611,0.51867995018679946551,6864.83001708984375,0.48385419784365585327,4.5793149255508387441,0.035350905443655461502,0.90184888588877043514,3587.3657720393457566
2958.8699516962751659,972.38521213085232375,0.24944979676085982101,0.49024491490244914704,6976.7646789550772155,0.48258468466398163343,5.1942484127604329203,0.071068222976176542716,0.90019993387250785144,3717.6893147657210648
2334.0250373223248062,873.90269245997103553,0.17128484925006803863,0.5657949356579493605,4858.062744140625,0.36856664806430206038,7.1123176007642259222,0.05778774677760097761,0.8791117727942677762,3433.5090249088707424
3319.0767564289699294,1070.3946970312572375,0.075438451847942511463,0.47031963470319632092,8620.330810546875,0.46403763186250984729,3.4861255617949669094,0.048756105810748108509,0.90429349921040291793,3968.8300413036181453
3002.355812417749803,817.47868019098746117,0.17286279708335594574,0.49792099792099792088,7256.3267111778259277,0.47664583056568321506,4.0267650865410482552,0.06081635975588992743,0.89978152591249649372,3633.9979104991252825
3462.2462707641338966,1323.2774255566716874,0.1853525954313067492,0.64528850145288496609,8059.4329833984375,0.52015583542586740773,3.9168688161469740194,0.077228106444050828583,0.90897747955426633215,4051.8518683050574509
2893.7044785358884837,1272.1232795002706553,0.17173974302960545724,0.54628476546284765458,6103.38592529296875,0.51182283285355267832,5.5783098633557193224,0.057411021679235972603,0.90299387836508671068,3464.3761928758467548
3823.3526772015902679,1368.6306715330233601,0.23830454189744593174,0.55645496056454957223,8642.498016357421875,0.59003674359553726081,3.4929799677469306474,0.12635812592862397108,0.91751050170025572061,4017.8831858511930477
3149.7392896868864227,1113.9304936263058607,0.18724239826105504303,0.57098381070983805774,8250.2918243408203125,0.4358784499614906105,3.8883545250944888672,0.047632090720150163654,0.88983265599651895084,4131.3778902656758873
2808.0041400374957448,1054.3073654072577483,0.19059954990293992427,0.58530510585305106641,6290.2278900146484375,0.46503613108171998336,5.4965690549384698116,0.055033685463336590171,0.89670557483826207612,3562.0290524457541323
1601.9835076254807973,422.26652120616950015,0.13964952499456392832,0.58675799086757995937,2782.802581787109375,0.2553884687564562106,12.321929784134177055,0.034048308636732194099,0.83607275744293640951,2738.443489891810259
2906.1722483956746146,1160.2837517051555096,0.2500549518116712,0.48235782482357825174,6505.4740905761709655,0.44764029086476442298,5.4298909114164439771,0.078995630396828941944,0.90620346442518018293,3712.4535527126136003
3196.6116291162934431,987.80198113879851007,0.18110208061653118583,0.45821205821205823749,7876.4682412147512878,0.49846004108249980513,4.1494300206605467807,0.067374992291725846472,0.90676147196068657141,3944.9898223999548463
2836.0507632335957169,830.72374665668496618,0.12068790911721931358,0.55375674553756748519,6673.6850738525390625,0.48224989831431452902,4.9237818994696285202,0.050371293369347626412,0.89448673756991758932,3535.2924367781015462
2217.788806491478681,902.33457182227311932,0.20047924135691375103,0.5711913657119136456,4711.406707763671875,0.40132004764671497243,7.4505705023730746106,0.049773582850732189797,0.88392988071226330504,2915.2270708098430987
3911.9267810173937505,1400.170472325909941,0.20064978772001340612,0.47675383976753837878,9766.96014404296875,0.49773062953616753479,3.1107197731501536886,0.11663526639711110922,0.91361790518051400056,4569.2173279381877364
3710.0506692955482322,1548.9772524909535605,0.23773887876378371753,0.56185139061851385733,8851.2554168701171875,0.55180754737700044021,3.6303233112049624332,0.13534153500241521972,0.92076064477062535829,4180.862927367435077
2838.8977228482908686,780.47002643531300237,0.21542633281020573399,0.54254877542548773928,7256.864547729491278,0.39773003977883836235,5.0448864770607215746,0.070953871723797787285,0.88777124202029344957,3947.0153048811644112
2177.8728833470959216,605.70857531125034257,0.20927836151163553557,0.57285180572851801539,4746.8719482421875,0.29285596604113861563,7.2857460903948982889,0.029541196161915524859,0.84752071187240662908,3445.2689637479902558
3355.7628712520772751,1229.8779549545031387,0.21662203123880560685,0.52303860523038603336,8072.04437255859375,0.52710154461226388367,4.25330525850714114,0.057306670861084318958,0.9071466016810716404,3993.0628903174670086
3355.3014244024229811,1555.3495498491579383,0.083835848263200368757,0.53555093555093558066,7868.2198047637939453,0.53742763886956967934,3.8458953673822704467,0.074585796988049096745,0.92114416769977358612,3704.5100622441505038
3408.7899109788604619,1316.1196625823617978,0.27679248990960442223,0.46990452469904525623,8052.3433685302734375,0.52222223395471090157,4.2123807799017587428,0.10057477552746242611,0.90986881416085996221,4105.1189955700656355
3545.7385964615309604,1347.0370492035692678,0.26506039339371167962,0.45994188459941887093,8814.2108917236328125,0.50411841832002823871,3.5366707253359868091,0.1020407633941210479,0.91354849438455787425,4169.5453580440444057
3159.7599203605959701,1236.442349751812344,0.19453046906446638808,0.52988792029887921142,7113.979339599609375,0.52509351401204440446,4.65941302363927079,0.067601746378739460686,0.91003590786127819268,3727.3096119957767769
2419.0864605354304331,748.63561626783177871,0.17078409932870175503,0.47799916977999168388,5534.5172882080078125,0.3726469869026217685,7.042722864297481955,0.055130661204838275757,0.88471790678501005534,3296.4440656669071359
2619.8516899515334444,669.3068553734225361,0.17416276052605456082,0.53922789539227899969,6786.809921264647528,0.36609460900601553668,5.0879568481600117025,0.062085878283555127888,0.8783536661264140788,3724.0574036322227585
4333.48877019883912,1909.4007015990857781,0.14310332587336466181,0.4337899543378995193,9926.3820648193359375,0.60198390675626256563,2.7379010666846901323,0.066863678846647081611,0.93204361243274325144,4309.7587873110451255
2589.7250840292076646,1057.72798536712844,0.11963807885622626537,0.46673596673596673412,5444.3307995796203613,0.46599271937278335942,6.2651568148061258512,0.056632117317103970733,0.90264936343231072513,3150.8728629952206575
2850.6098863778920531,1117.1989690476755186,0.14344974048022163249,0.45093555093555093283,6179.9924969673156738,0.497120330727871651,5.477010308793124338,0.059706561465458267424,0.91014851754585446297,3490.8539815013555199
2936.820274366587455,909.82428902147853478,0.22579664558137318986,0.45558322955583230307,6751.5621185302734375,0.5106573777895073718,5.1939119847918489015,0.068433435313849363957,0.90109503416510128293,3525.9576748198251153
4270.0148020244796498,1222.1973640759829323,0.12999288735406291928,0.63636363636363635354,10378.635406494140625,0.54017599564866769501,2.7517216838689870784,0.090369098077813639347,0.91779330025002348048,4649.8659644281206056
2846.5013429714936137,938.8868814110819585,0.19178381239798450442,0.59526774595267750723,6870.037078857421875,0.5121014175999843987,4.9348014671412965271,0.049876681257124771962,0.89786458388783141338,3400.6694848594383984
2964.7927772950515646,1152.8106322171950069,0.19909349998619399469,0.53383146533831460356,6412.6052856445303405,0.53811978638400992381,5.1744233807508894785,0.058994518507681316388,0.89991336729679882733,3462.2751020863738631
2630.0853344602019206,648.61780830680868348,0.2505659966409912176,0.4975093399750933898,6517.679214477539972,0.39770286555666034545,5.3663092597669823647,0.061524385732001758698,0.88268476432515463603,3646.4243409419214004
2689.6514372744404682,1055.40281434941312,0.22157243418449329431,0.4263179742631797442,5675.205230712890625,0.46675136505761588568,5.9757307544562348056,0.049096135377295978264,0.89960881345443799439,3225.7064859566849009
2457.351419246182104,699.84664406381125445,0.29611121433877884979,0.47737650477376503133,5183.5384368896484375,0.43968575442141621945,6.9663866243427339242,0.049531643616540173281,0.89225402137582610074,3227.5874755733234451
3162.3158239885929106,1346.9333135082893023,0.18700834623788853417,0.47447073474470735643,7134.0465545654296875,0.52483223691412717038,4.6036201190660355209,0.050276635466994651358,0.90926229178517392615,3610.2722292731768903
3581.8190762786248342,1386.0997626181506348,0.22299697963871153994,0.5107928601079285702,7601.4232635498046875,0.60744113400944621528,3.9945807359606395615,0.078820454592638866664,0.92214878841724634562,3656.3312013030363232
2979.1413767134258705,1143.9516038402955473,0.17066253633040370796,0.48692403486924035194,6766.696929931640625,0.44062991384979754983,5.2084122148986429224,0.050879005866523607793,0.90356244383271777654,3898.9325894834787505
3268.7594207659803942,946.91187479793143211,0.34384755214705103876,0.46492320464923203582,8260.8203887939453125,0.45030267490258907292,3.9405807408680368908,0.10898669700694189888,0.90158320141447856333,4116.1811756356546539
3318.9420032397702016,1372.1950300228390915,0.12656634573503011687,0.46575342465753422072,7315.120697021484375,0.53422763941601159043,4.4667639616912522271,0.054502170012942080524,0.91611784142868868397,3753.0105016655616055
2800.0706792009682431,920.58790476371598288,0.25557226401837812579,0.46533831465338315603,5848.789215087890625,0.49601774580412305582,5.8956542732940508955,0.062411658528196883866,0.89575560571400858478,3378.655814692876902
1547.0948138866629051,571.01105995404509486,0.11294594545317868106,0.53237858032378582163,2940.204620361328125,0.27360012273845540909,13.157484880140492223,0.025332718978443601043,0.85444667208333491271,2308.7211902672629549
1943.5385007162672082,654.67597291115203006,0.16885678212074395343,0.51017019510170191765,3680.5458068847660797,0.36743639722951199067,9.8920196030129350362,0.031153703554257880515,0.87751287981153325291,2558.7342471413367093
2573.9585015562511217,780.09242850449425077,0.22022375230171245541,0.57928601079286012876,5963.9453887939453125,0.39911060817508003939,5.7523987994778345012,0.041976414077834880989,0.89048628045454203406,3528.5827919553253196
2776.5038529701437255,912.56291137686662296,0.17394939382133298156,0.57098381070983805774,6775.989532470703125,0.4235369957587820644,4.6616955387538663302,0.048736063530187841153,0.89394064328346445336,3508.5230384841643172
4046.7678958167157361,954.21901717344428562,0.20572982936433567569,0.51764217517642174826,9985.645294189453125,0.53785577487609903535,2.6260562733646670708,0.13472743810473183923,0.91544689057426242851,4410.9330486841017773
2857.7905407226544412,1079.3076679697021518,0.22937749322482500758,0.51805728518057281295,6766.96014404296875,0.4344144138464129945,5.0603941634599127752,0.085401792749208699229,0.90173536596996162196,3594.6142549437940943
2500.9172025849156853,979.25666458618968591,0.17317112736687881314,0.57015359070153592835,4605.3714752197265625,0.43958997387353432318,7.5590495181107870692,0.043940759148703947834,0.89598714330981488185,3223.7975542536364628
3546.6475770726310657,1426.9259828524895966,0.22061227502399297085,0.45330012453300122521,7523.7751007080078125,0.58116271692556953354,4.0300958027725810595,0.053663449007641160493,0.91584298955014709076,3782.9234525517135808
3261.7214556698095294,1007.20721032239328,0.24537847489899797249,0.4954337899543378998,7909.315109252928778,0.50416467134771913994,4.3327062234023951959,0.080078013745770143528,0.90679250862077154238,4018.5515031057389024
2209.4886205494813112,700.31967883428740151,0.1742722408752806762,0.51971772519717729377,5027.96173095703125,0.34603700179360408207,6.6401474521435401854,0.04862028418400601848,0.87574812408022784105,3151.0313500144884529
4001.0476992133403655,1456.3454260338558015,0.16311390047280782678,0.55541718555417185499,9761.066436767578125,0.6061278731958475996,3.4793332080041778909,0.089714139509866022704,0.91938137814750764409,4436.0965267768751801
2959.0345742801523556,1395.5727248972609686,0.24089922984539219319,0.5130977130977131262,6358.072507381439209,0.54998832735524294524,5.2061732063520578251,0.07707625507306684054,0.91493830927787955787,3383.915684713788778
3156.1765871135689849,1133.9473333875064327,0.25125352207685613948,0.52656704026567036081,6696.2242126464834655,0.52695864397023406411,4.9552544364662338694,0.069602478861855610059,0.90756956968627267024,3569.8155533964722963
3096.1445145227808098,1527.7031361029612526,0.25123606151965943711,0.41946865919468656614,6485.57281494140625,0.57944942683054478927,5.6369105703385340433,0.063552574079185741862,0.91643291180669894658,3354.3383519143499143
2906.8238621907757988,1191.4127591447338546,0.15016822427504014636,0.48754669987546700449,6379.1370391845703125,0.50554515023057366996,5.1627685469968582765,0.048605249037639561283,0.9041918647865977432,3362.24427780561291
2240.5129394616578793,553.40503775114837026,0.16976542222465598742,0.55105853051058528713,4905.73883056640625,0.35126830866877883919,6.9262295558209245883,0.035566864872324750746,0.87446123819338672511,3100.1349522886480372
2528.1185666595843031,763.21670559636800135,0.19077683398650369107,0.49979244499792446765,5851.2554168701171875,0.38230860041755421186,5.5891522777275586265,0.059456906806045053959,0.88435074952358772027,3496.0659672530896387
2353.8499845986575565,931.82455527642969173,0.15787792065482564308,0.55417185554171854989,4692.3580169677734375,0.39103486009915183752,7.5284357352787560913,0.041977030251488051116,0.8932299251047403077,3126.4601665032710116
2913.8054944193718256,1035.9046530646116935,0.21034490252344578698,0.50311332503113326275,5807.2872161865234375,0.51613905773387191989,6.2921858709361169204,0.065281867139049584714,0.90410548745482166577,3383.8871798611935446
2748.4455870865654106,816.80241635012873758,0.15524634685831800729,0.54607721046077206672,6306.118011474609375,0.44605658116921487188,5.3913965296075412326,0.057507650982547245389,0.88964491270799794798,3574.4709508106475369
2827.2513246297667138,917.12728196918021695,0.18125857110412957329,0.55313408053134083264,6868.137359619140625,0.44616292715399108459,4.7501989499971726261,0.0499150827815605172,0.89967875087479398655,3455.8950651501868379
2796.2134838555693932,872.83628951249409056,0.24219643383041869478,0.46284765462847654582,5931.941986083984375,0.50347753465217770508,5.4993467049890867315,0.067176615441210354995,0.90164049383382627312,3220.062470524787841
2825.5076829083755001,1045.3280036238336379,0.22210925200550774017,0.53341635533416353887,6558.7520599365234375,0.44348793827989607674,5.1669896012226663728,0.065405700096638791363,0.90122143104730256802,3521.9798392833645266
2908.4101350178475514,973.83336243695885059,0.08500485224717449495,0.6299294312992943512,6111.8030548095703125,0.5354383738653119007,5.6551760792145850942,0.047419082732184973661,0.90145767534296994405,3226.254417293258939
3922.9594977928304615,1485.2669378778789451,0.24097822742676372476,0.49626400996264008469,9064.9280548095703125,0.58794256898660368638,3.493241046876547351,0.12368125370440866129,0.92164341206568189957,4193.7157475016983881
2651.1376665329071329,1091.8057445370188816,0.19313927975189798536,0.55271897052718965693,5082.378387451171875,0.46863246778870976117,7.0446529954351113645,0.056932726531736990716,0.90231417313820450055,3305.1376704609183435
3710.4571520685408359,1183.7529154052692775,0.22206752827155057384,0.47384806973848070388,9509.23919677734375,0.51258597178486875467,3.2284904316846345651,0.11667301115176603732,0.91038500549169676379,4347.8690853868183694
2262.4853627244247036,636.29815713537334432,0.21916863503899941534,0.55479452054794520244,5487.247467041015625,0.36563542923223402159,5.7166946233074096284,0.036836864773450904431,0.86427455983544654305,3147.8675023328933094
3194.5566092003982703,1404.0128424790755162,0.24350117770931009598,0.55458696554586961458,6611.1259460449227845,0.5680717612396383176,5.1408804345590537466,0.10304945118815068972,0.90976573007210770339,3487.007079989155045
2541.7445053873593679,922.36560800057009146,0.14134909937690992576,0.50478170478170480973,4939.7252082824707031,0.41614461469114727432,6.9121558316377971209,0.058481632014607244641,0.89651798565185869538,3296.540965133337977
2090.0816536807683406,900.66235241436197612,0.18875925559608228155,0.50684931506849317806,4177.7973175048828125,0.37822757913376098271,9.2868013709031256298,0.026610652595029000295,0.88271697680987837309,2640.8127076131327158
3123.5343453717423472,908.40103528223880858,0.13633636266108836721,0.4267330842673308644,7809.7171783447265625,0.44633631683140273516,4.3434657420507116754,0.057336478458611471465,0.90006968414083443619,4095.7032496665110557
2163.2933814989232815,718.32850321875673671,0.19545455573073911015,0.5690228690228690267,4225.2602577209472656,0.31445528685410384373,7.4195977846988316884,0.046801152071023567613,0.87987090212069529738,3178.0206564002669438
2482.6108577216541562,760.76439375995209957,0.094030747087077218294,0.57700290577002910641,5897.380828857421875,0.3997235447348621018,5.6572182395182863957,0.040865515348584804944,0.87861615265682857512,3209.8729611490507523
3570.5929641502743834,1121.2791302799307687,0.25082420789744203082,0.50456621004566215571,8977.123260498046875,0.46302500469154617146,3.6827807289768346166,0.10968431266172773419,0.91025240470734247733,4313.43300474249736
3400.7035765389587141,956.34352421277583289,0.27069081544848361265,0.52449149024491492632,9283.0638885498046875,0.42844958534309662834,3.3606436430238626478,0.08814993022943717893,0.8930397839178040309,4316.3925232019328178
2554.2226275029452154,919.03164120958740568,0.12755025500157696206,0.55363825363825358572,6199.7961044311523438,0.43411694012675183796,5.6208316099439947777,0.058534102357149501994,0.89529556609523286426,3403.8010457894120009
3606.0778947753315151,1545.8817793438024637,0.32699553878621268055,0.56807804068078038284,8384.0503692626953125,0.5406434614927524418,3.8879454426959090263,0.12335082944672964844,0.91715154592679748458,4059.3259409926126864
3389.0063676248669253,791.23364217755056416,0.27419299731753193905,0.54939809049398091734,8759.4852447509765625,0.46118244483588549665,3.0928847001105221892,0.062029756015284064075,0.89292900389137519479,4124.1479214681630765
2996.2177838615666587,1265.6294249757518173,0.25299096965179873608,0.53030303030303027612,6689.855575561522528,0.48437936696605649045,5.4863996033726873947,0.08415795418693308716,0.90561537902645639075,3837.1698190373463149
2995.6281058023969308,998.53905562480861136,0.14329057356053515049,0.50311332503113326275,7220.8957672119140625,0.45287503412474916509,4.6416100460517730752,0.056993643437135969865,0.89916026220185973905,3649.0406876636684501
3926.9873627076076446,882.97334165524137006,0.25180187978475998545,0.55417185554171854989,9633.8939666748046875,0.50156712794348923268,3.2032913059342993378,0.11422103110396802927,0.91352771610744920583,4487.544444489876696
2631.2544908349063917,748.00905266834138274,0.23987229427275963412,0.53611457036114573693,5810.405731201171875,0.42064938969549653391,5.9292737883203487925,0.069295165826811846999,0.89623571404402457841,3375.2030043154713894
3145.0615647336558141,617.07385808611104494,0.31095606081525833941,0.48920713989207137429,7885.0994110107421875,0.45128805219813039606,3.931221145196371225,0.087849926094406588506,0.89150150926786642103,3966.7109403399185794
3557.9213977186127522,1577.8116263509414239,0.14708020421234013764,0.46409298464092985093,8098.897933959960028,0.58552091381858717423,3.9658427730109471199,0.059492182554637937364,0.91829573104012085505,3770.7780965182487307
2460.5513375407385865,836.70722156042688766,0.13064468431481424116,0.46056454960564552348,5550.22430419921875,0.38246766960668443502,6.557511543646407759,0.041175739572253990117,0.88845981130974360784,3363.4840981576089689
2770.2798487540226233,1201.6162021324601028,0.22791728088752727377,0.44001660440016604481,6576.885223388671875,0.47408325195429190657,5.1077955584780019294,0.038202512729409061898,0.90478727667820668668,3258.3033209997824997
3798.6469582754707517,1074.6727571045985314,0.22342215672476120614,0.49813200498132004235,9810.8196258544921875,0.47479569735260424013,2.7721294643501188659,0.11351349981535886757,0.9100000431339597684,4362.1546317634683874
3381.734175189295911,845.6533879213614,0.29676584795860055932,0.48526359485263592664,8697.0005035400390625,0.47575895061618328485,3.5384954892987705577,0.11116890201191437226,0.9006776282882662521,4148.8578709468602028
2238.2782006592301514,390.29932934873005479,0.030515872074056774044,0.48298048982980490429,5293.430328369140625,0.34799173883906753257,6.9460261364347060109,0.061732104896133031813,0.86508461897638855298,3363.289667877926604
3483.5214106878074745,1064.2079001647668974,0.1367679191311376441,0.54898298048982985264,8644.8383331298828125,0.49909218760456858233,3.5584932883251290114,0.093646249228254124786,0.90994220686421334321,4065.1391643599831696
3396.2334955341930254,1383.4441288189864281,0.24155588746981562775,0.43731838937318390226,7082.719802856446222,0.56110663130846649693,5.0278541582353639683,0.087978669220512381588,0.91516347883464022051,4023.0652042882893511
2929.3220875126389728,1285.9906672452814291,0.22369842809561052421,0.5616438356164383805,6800.2052307128915345,0.50861958377724747482,3.8100333369437731079,0.034491523039799638906,0.90536338864204302102,3200.2771620924941089
3410.0401018094084975,1457.4325761203888305,0.27180051644014358025,0.45786633457866332542,8213.230133056640625,0.51689317137911650057,4.1895801176610962813,0.11119593386069230589,0.91615777841598056153,3860.6662082923380694
2823.0094373145630016,794.7731041004991539,0.13603895122058740075,0.4900373599003736147,6918.788909912109375,0.40170935827153003705,5.4089661811627989252,0.067958748048812273046,0.88688998235576910201,4122.1918829097085109
3233.6767099809208048,605.96998926335550095,0.16177016714263039998,0.4966791199667912049,8529.9510955810546875,0.47102339679430826891,3.8649727375619451486,0.047448179529795769804,0.89980441570140545782,3955.6286344017862575
2537.6310914159239474,841.01847705625766594,0.28087179885804158808,0.5711913657119136456,5874.5670318603515625,0.41898386283259447804,5.7727909379277919655,0.069064922760927405232,0.89099074393910004943,3399.3121501179275583
2958.2777901533650038,1165.4207433354138175,0.1889456483949036314,0.4342050643420506395,7081.621170043946222,0.442546046172726526,4.7050100242568593245,0.050082141574924458893,0.90120412673496863576,3706.6361399242414336
2658.6881733852083016,974.33544320211353806,0.21473636218188185687,0.48920713989207137429,6050.268173217774347,0.42291345484225506546,6.1869832967373250554,0.065277694305775749162,0.89639019686618337523,3452.8551812197042636
3536.4764200468598574,797.60374848564038075,0.17845800985812848571,0.53617463617463612113,8776.856839656829834,0.48371156247185004284,3.2490141893262687312,0.075012721362779727352,0.90658679048200097039,4188.4816599924815819
3567.660169480240711,1515.4125309262042265,0.20015833138381775025,0.56890826068908262325,8368.5894012451171875,0.57627476152733581038,3.4737009492552908263,0.06295819224194057484,0.92199046663251349454,3826.6145455374398807
3577.5736839477594913,1206.122480735416957,0.10618589810356326986,0.52552926525529264357,8747.623443603515625,0.54968037968709004826,3.8146391398622006008,0.055273987823130796282,0.9110769942986440828,4120.9564216416511044
2890.1616111134030689,1182.3960525110089748,0.18680839841624719,0.52739726027397260122,6422.2984313964852845,0.51194034993111248166,5.5118297832116978086,0.052039194951790976318,0.90581695995988220638,3435.9425601455759534
2894.6610458114346329,1279.6959852556997248,0.14557762337647101036,0.56081361560813614009,6278.86962890625,0.49230632986334732504,5.5082486418311855658,0.049080781077168039728,0.8894697066701955368,3403.1749786348686939
3954.061017522414204,1644.1277816294457352,0.23508954112204860643,0.4921129099211291047,8971.4527130126953125,0.58357829195223664964,3.3527839465202844416,0.11862812586402814163,0.92206057279419806338,4170.3241888657885283
2276.6987883217352646,904.36364202194704376,0.27587315499759357262,0.47281029472810293113,4245.5005645751953125,0.45216375258395768988,8.3029793916186225289,0.066522385264577418851,0.89187244289798017771,2832.6765768540144563
2844.869619044668525,901.45904255411107897,0.245278599139611031,0.51162308011623081061,6789.3333435058584655,0.43894181237620216729,5.226879782269695518,0.06544042196268794187,0.89691401765442080318,3713.5899744684584221
3811.9861758265446952,1092.4115609974533072,0.30359066726911437817,0.54130344541303443417,9015.3064727783203125,0.57351229176098295071,3.6487856099731850179,0.10080617761638946406,0.91369210824138191729,4284.9332674191127808
3140.4135278992257554,1370.1231679217046349,0.13171679222116333685,0.47671517671517671388,6892.1705961227416992,0.53122897894467535629,4.6661291397040045581,0.069655532693584584769,0.91560874566185790346,3499.1308339946867818
2632.0111840342292453,782.89329227705047742,0.18839236419252841648,0.4342050643420506395,5688.5833740234375,0.44702285309332401297,5.870422600760716314,0.044026923670643695885,0.89547819016922136637,3378.0636151431231156
2238.4586190113850535,575.34306258893172981,0.22952128772797475431,0.56496471564964712009,5469.1314697265625,0.29388918641135008958,6.4966263401430204283,0.045963452928246335827,0.8667085336868530776,3542.6854592792878975
2536.5188274436391112,777.41604756627418737,0.22672840017788198352,0.49232046492320463704,6297.1057891845703125,0.36643019791275927011,5.4003459288345379008,0.034407089348818781227,0.88791670186133664355,3459.3606276797927421
2320.3692496884355023,619.70627360619516821,0.21099455960629179274,0.52099792099792097133,4875.1623988151550293,0.40694392616649521788,6.7934348580751979796,0.049116563302902808974,0.88319675369330274961,3182.1907401370986008
3264.5337524475285136,1597.0566725392598073,0.2731477547103673964,0.5711913657119136456,7692.4381256103515625,0.49760333227478870111,4.5655246089787748787,0.089509153509251121461,0.91351873367391556169,3975.7396853035888853
2996.9614263128596576,1143.8686152840716659,0.19378318397034516307,0.55147364051473635183,6999.607086181640625,0.4924723166026030996,4.8056578271379439826,0.06066899301139479922,0.90527817278104871779,3622.4939578406788314
3595.5316582782979822,1133.4452526223519726,0.16348994903749075602,0.43877127438771273971,8041.706085205078125,0.55831539917619421587,3.6050736296804788417,0.04879697138407101259,0.91467118952649117958,3932.643947932725041
3002.7244683942899428,1016.348399790453982,0.2503435165384237937,0.47903694479036945664,7393.1980133056640625,0.4667852437322528858,4.6541098736161945482,0.051187446147920943884,0.90021809569425748077,3780.3862310883305327
2988.8767200017568939,1046.6267745287373145,0.259585709111434082,0.48318804483188043664,7042.705535888671875,0.48816252578793484229,4.7468106796332731889,0.090414004997160332677,0.90415186269749547865,3657.4504496101067161
2254.035250125721177,697.03748143563291251,0.1799930967987761754,0.58488999584890000172,4609.97772216796875,0.36192652870687341826,7.3411642896634763389,0.051755461781958694845,0.88088839053735901174,3216.2801700162945053
3481.8312950903236924,1492.0885971994821375,0.22468411618874439828,0.49066002490660026725,8177.0381927490234375,0.54163521701521011309,3.8665669845436632102,0.07565903263724772787,0.91517773699649196395,3956.9196636435494838
2458.721955759107459,946.37266313514021476,0.2214686745352045516,0.50519750519750517004,4952.7944326400756836,0.39737628417416948068,6.6271920014110126118,0.05370532521302362472,0.89489427507729346623,3362.3236777105034889
2324.9209553484852222,749.56923752535044514,0.24015700280190244165,0.45267745952677457266,5156.4502716064453125,0.40236456657117231073,6.423309467238545345,0.042897999024814399693,0.88199147565007518512,3151.1184173794081289
2689.9793760141856183,1111.4574346508343297,0.20924586581818560571,0.47467828974678288878,5552.7706146240234375,0.48812233428638107657,6.6941545247392708617,0.061749412713968374056,0.89439208453404550614,3251.4063443547729548
3263.4778399819570041,1091.3327097665428482,0.2805826713936022121,0.46616853466168534093,8167.5624847412109375,0.49325275197466483812,4.1124671462243123088,0.072833230226086176362,0.90330945603199508387,4021.6516219607719904
3151.2192503721516914,1044.1578649810767274,0.32700418382516893701,0.51162308011623081061,7247.2686767578125,0.50120300646921189802,4.8357567302217558947,0.08772184206677158258,0.90645758472007920137,3833.2808868937108855
4201.00174662070458,1185.1056288717188636,0.15088967585597073962,0.49398090493980906235,10570.489883422851562,0.53539653030472067474,2.8062436292148218442,0.072902054585730416414,0.91645048272810569756,4793.0468047491940524
3416.0871171831595348,1216.9856827451230856,0.27572003213998069748,0.49356579493565794214,8140.880584716796875,0.47864071842211330932,3.8708373848907964287,0.10450189281003050001,0.90713283213144690897,4078.8453228100374872
2988.2455822886199712,1018.5144011078972426,0.20061385231908235305,0.53300124533001247418,7287.082672119140625,0.43049615496790261115,5.0378895112205324125,0.049607328523006380405,0.89923063211351539348,3963.7798243192705741
2836.6384217261024787,994.66349004915343812,0.22235192378101525934,0.54068078040680778162,6594.4576263427734375,0.44250164688376347755,5.2115414058597515634,0.051787016502006788521,0.89642272958819368966,3577.5328700988125092
2312.896761155087006,745.79325821716383871,0.23709265493088399479,0.48816936488169365704,4975.1129150390625,0.36150827555804332381,6.9685575472219847271,0.042720201500048321508,0.87895546616950803731,3330.7359538517303008
3839.3362090094597079,1845.7899732534797295,0.2287396432481084152,0.53673723536737238948,8781.4693450927734375,0.6065583759305933631,3.3718347590598125585,0.07066351638860499107,0.92383550626248112092,3935.904694820106215
3295.9715723544886714,1254.9239012228708816,0.17129554501923319187,0.53341635533416353887,7274.076461791993097,0.52622352194698218675,4.5976161603752405682,0.051584828443396874009,0.91416525318543639944,3823.8112568686015038
2387.3188882722956805,900.94451350552310487,0.045138389363810801913,0.51307596513075970357,4780.95245361328125,0.4492271984466693624,7.3558866052917215583,0.046454246310060794134,0.88902970508055667587,3054.8216579688987622
3085.2292939922695041,1075.6561714958513676,0.24349300490438982592,0.46907430469074307133,7140.838623046875,0.45242114307452691024,5.1265459243186990435,0.089946032953585206005,0.90412493436663554647,3917.3957529782146594
2310.9765321394806961,771.26659555008450297,0.2054589866151051436,0.48941469489414696215,4622.9152679443359375,0.34843380976021465223,6.7545979356933614213,0.046628239743693296326,0.88049688799757619417,3326.2408502124208098
3569.4137989195314731,1102.4282797336759359,0.093433196495013304261,0.52303860523038603336,9300.4474639892578125,0.49404921344727814603,3.4058139809690728406,0.055892453779981525475,0.90914531600510606335,4305.3880293297142998
2141.0624982657427609,736.50683877571134417,0.25228903176581313206,0.48526359485263592664,3897.0623016357421875,0.34750561646257627224,8.2470631528035447388,0.053052394587718550156,0.87546147947286745428,3070.860944239116634
4185.2564854662232392,1993.5096033319905473,0.21852623675425919547,0.58385222083852217345,9984.8041534423828125,0.60064280646265533203,3.3456310859919971001,0.085347580979349260688,0.92428371901951678069,4585.3527016137650207
2937.2172517775875349,1073.4611241837296802,0.18870463382429603083,0.51100041511000415806,6613.3003234863290345,0.46874169147189098661,4.6351578508986870375,0.037174250453050727838,0.90386667994121772107,3463.2734682593736579
2794.0150573757264283,812.24219518562631492,0.24766060620554547489,0.50684931506849317806,6594.995498657225653,0.43538091831826564171,4.789458384207812891,0.053436602626586116038,0.89549645658436638485,3526.7589279911762787
3079.31230751438261,1290.7708080837769558,0.17054457458648852874,0.5016604400166043698,7127.964019775390625,0.49836158695402765773,4.9208499520638033786,0.051676448714804902596,0.90653513009537045608,3792.5701578276466535
3608.1927738818831131,1134.5572992757520296,0.19595246388526812997,0.5682855956828559707,8992.14935302734375,0.5123844068047239686,3.3955873418871398428,0.073556109511101211429,0.91139858570771414836,4240.5872465597030896
2860.0175966718302334,1045.3482433427559499,0.28048426951111932182,0.55405405405405405705,6257.6771020889282227,0.45532274405864764377,5.2000936226706695464,0.05557917492809900939,0.90116376029796241287,3596.9087756212484237
3428.8347303351897608,1060.5564036909158858,0.16475011788456289663,0.50103777501037771724,7780.1513671875,0.52095371723147343435,3.7301136290394421025,0.055895252326975966572,0.90964607267440344973,3901.4577209614130879
3504.118899393251013,1149.3168140001694155,0.13837365097988038598,0.52449149024491492632,8274.501800537109375,0.53894123319333286926,4.1005633751741354942,0.077064302729112160728,0.91095865681855281437,4036.3932831774568513
2310.762899873684546,713.84266407096913554,0.22862631949581810331,0.5024906600249066102,5322.8816986083984375,0.3774649874370522018,6.2105933679976201844,0.0260616485473346704,0.88422249503125782688,2813.4305958897066375
3171.1594698480566876,1126.3372827817763664,0.17713700801683940345,0.44935657949356577756,8010.7269287109365905,0.46141691455287336954,3.3699262756918337836,0.041463153869188029699,0.90282831703419597069,3638.8873830411848758
2206.0939109083524272,740.24132380578600987,0.2455116382212233217,0.55520963055209626713,4674.65972900390625,0.39414691054065331688,7.3670467310161704688,0.048408401324365690765,0.88244972993051651322,3060.5034330543398937
3569.4137989195314731,1102.4282797336759359,0.093433196495013304261,0.52303860523038603336,9300.4474639892578125,0.49404921344727814603,3.4058139809690728406,0.055892453779981525475,0.90914531600510606335,4305.3880293297142998
3969.2837527834717548,1520.524625989595279,0.28027569622384790327,0.46575342465753422072,8807.338714599609375,0.62080489203172539714,3.7413547655788970125,0.15603863293220737729,0.92772472089356594616,4069.2183073004111975
2907.0878161868577081,866.29926123001632732,0.094232645967516487362,0.58835758835758833474,7055.8355569839477539,0.45023785638716040669,4.3876567834827184811,0.07158886336158087893,0.89545860750880412748,3746.8955997247289815
3017.4594789368416059,1112.3910559083528824,0.23447004954224728857,0.50415110004151098,7490.032196044921875,0.45343753511485385133,4.4046603181985934938,0.061145496715508160235,0.90117737879408177371,3701.280004832985469
3514.159817721156287,1421.6541558780909327,0.32599571729546228394,0.50748440748440748482,8560.7099533081054688,0.51480284569787326809,3.726242281684008617,0.12890615201828886649,0.92209783085220364818,4061.6637755109886712
4018.2802270478737228,1750.212053050434406,0.20106143950794044817,0.49584889995848902,9073.734283447265625,0.59072939465540830195,3.2621869317250320464,0.10747630362859462994,0.92916779277939365311,4179.3843336579002425
2368.8349113127796954,721.44856524888791682,0.26174930209099872558,0.5736820257368202558,5426.685333251953125,0.3678500907468071901,6.5080663740516788707,0.033102002472495499485,0.8817254321907871395,3334.2600784857472718
2719.8618456502204026,868.75740197409027132,0.28574463895900947819,0.56870070568700703539,6297.992706298828125,0.41785289176158413316,5.5364481223151100764,0.064851307363582536003,0.89222977968158667661,3625.7583211754049444
3838.6491816638094861,1142.3955684110976563,0.30176090814520595274,0.4879618098796181247,9534.7423553466796875,0.52899519825180241206,3.3549528242183748183,0.13545940675385126362,0.91779289196391444783,4388.9337825978345791
3850.6923841278548934,1642.7418727405067784,0.21693439081519225176,0.5012453300124533051,8895.3609466552734375,0.57842573109479766824,3.3966037344614732341,0.10287151023003640593,0.92364370471888901371,4123.2268944463294247
3845.8363401187857562,1281.6130209044715684,0.21309103042198665467,0.45475300954753011817,8484.1175079345703125,0.59227980278788083801,3.483259616499799094,0.11518765435672159714,0.92119944388915597777,3989.4291156636095366
3000.2601980923573137,967.47643903020957623,0.2373091615246747943,0.52718970527189701336,7277.120590209961847,0.46327467129789073885,4.5057309665640259411,0.071437616602080977746,0.89914425336459935512,3700.4572307754274334
3570.4502388672422057,990.31903913083328916,0.094743161829646982408,0.51473640514736407336,8611.667633056640625,0.52750525259308989057,3.5838447836590607842,0.07466649280385737053,0.90755857873448919637,4072.9416919246064026
3400.6801309381562533,993.21533974304668391,0.16328402040671835538,0.52490660024906599102,8774.20806884765625,0.48293359399074237137,3.4221204247120025066,0.067726008614723706702,0.90329320725136441617,4020.0856601965697337
3040.858560873706665,1033.8382380146369997,0.16845055570280895174,0.59153175591531759192,7371.328353881836847,0.45529585195790028829,4.5607972979602413588,0.050180753348517286028,0.89682575972494715799,3898.7587493739861202
2368.646101491736772,845.18450257869642428,0.22829336112416612203,0.52885014528850149418,5246.280670166015625,0.40068821786332053936,7.2965672518093329657,0.054069045687605503392,0.88635719357951470165,3107.3710858173499219
3242.6056634326268977,991.52237319607945665,0.14492732281069495293,0.51473640514736407336,7834.493637084961847,0.51591794994381656725,3.6479040323716334093,0.044913745112290244521,0.90206381210777542012,3617.2142214714467627
2796.7597254425045321,773.42844743971659227,0.25152271778193568963,0.51867995018679946551,7450.6187438964834655,0.3690850754521220467,5.053343557450618917,0.058088723120129831523,0.88183120804599757214,4151.561570423808007
2894.6884594775406185,1210.5997133436953845,0.27944595337375777166,0.41365711913657121634,5355.8864593505859375,0.55666953656705808751,6.4991387213214082408,0.060626172998110398893,0.89910107643288283974,3377.7131086358626817
3519.2982357116170533,1083.7143603051904392,0.078844655568213822816,0.47654628476546284643,8091.899871826171875,0.50819386298361690635,3.8277671049858765784,0.063544736085268935244,0.91535459357072357367,4004.8400237183045647
2781.7010458430872859,1138.5075545520087417,0.14793985377208751508,0.46616853466168534093,6467.273712158203125,0.42511041008938077468,5.5450880929552699428,0.055003188649583791003,0.89739382034599279869,3641.3592744881198087
3038.2686714949572888,991.34394780019806603,0.19373852285193196576,0.5749273557492735609,7013.111114501953125,0.44935359819229531153,4.9266510464095532029,0.064041282515616124171,0.89803320370628270108,4003.3353273260472633
2407.7397838764013613,508.85263134235714233,0.20187175163750051277,0.45869655458696556583,5043.45703125,0.34104157885232705416,6.5266778269760301612,0.059147177921424258507,0.87792443454878077436,3682.0289797323675884
2988.1225219194379861,980.87909086036654571,0.10639964338091448259,0.53528435035284349652,7436.336517333984375,0.46190796444579956814,4.3659600114618770661,0.067707977715992795353,0.90290641437877439124,3616.5913019463359888
2125.4259825083831856,660.33579244562088206,0.31643358425661971545,0.48526359485263592664,4924.7875213623046875,0.30037373791686966529,7.3064699580358469788,0.052247092460103006228,0.87120924454546044835,3302.8464633486914863
3489.5663851182157487,866.05197504119166751,0.21577382314012977238,0.56496471564964712009,9204.7290802001953125,0.46207174990156629768,3.6301543268540057419,0.064932033582994430621,0.9064318917017701871,4364.1984228489282032
2684.0516387412799304,878.38407449606063437,0.23281489568721308592,0.51764217517642174826,6186.6016387939453125,0.43151946167954619016,5.8131319412664472779,0.078331801395543756983,0.89668836551327446571,3556.4777132690478538
4494.3449643221983933,980.64672290293970036,0.16653104373868210519,0.51473640514736407336,12923.60687255859375,0.50243466815414694615,2.5061993926517063258,0.12052585038666574491,0.90616067870124294981,5393.8658483658336991
3062.1034521796464105,1246.8325169910424393,0.22019669949383677277,0.52179327521793272826,6587.7399444580078125,0.53478822055676522584,5.0755004296887316073,0.074955565816252914257,0.90962254207993997746,3588.5485252350413248
3182.8318529535645212,1135.665196501340688,0.20129878567541978351,0.50747198007471983061,7925.050735473633722,0.48957050258127726705,3.95067591841744159,0.049133544881134708082,0.90020640331528545275,3763.9322310418851885
3119.0285745156297708,715.19952696522955193,0.2955171095038166551,0.42528019925280197144,8251.8310546875,0.44284551340912914341,3.9097075633742774947,0.079553493809199654629,0.8917162748390650151,4035.2051593909222902
4657.2536294605124567,1822.4784878101913819,0.25275729426257531607,0.48879202988792030959,10209.337234497070312,0.6133318693187840287,2.4966811262124664061,0.16231159870156947056,0.92909186756558759246,4541.7220628555596704
3462.8807428239811088,1400.850978486945678,0.28341404815170129217,0.47405562474055623623,8492.992401123046875,0.51267920803130517804,4.1781142284089956007,0.13353395609269613775,0.91393598207395232436,4114.9336918244134722
3112.3924015037823665,857.10995810806832651,0.18210758872176199819,0.47903694479036945664,8198.3356475830078125,0.44206045903629997973,4.0854636058643150065,0.052849058532232595642,0.89474838962149572108,3973.2182442688526862
2597.5775452023767684,793.72744829207829298,0.22150022402497440699,0.62723121627231215314,6723.690032958984375,0.37758778699310691085,5.0776048689609076803,0.04997706437635968113,0.88369238129590399478,3589.790348996276407
2411.2703664709088116,854.67009455508616611,0.24244510911722602642,0.51141552511415522275,5034.0557098388671875,0.39217398323376845282,6.6342712139862074494,0.039433663314209894957,0.88221553407236408262,3323.4129091264981071
3402.8869292549393322,1091.0256521085143504,0.22364323675459477081,0.52345371523453709806,9314.3520355224609375,0.44055126196915822545,3.7008257059544966694,0.097683356535197662929,0.90229321676211116099,4403.7307836395784761
3612.2904474431184099,1331.3917856379314344,0.15197726095915661815,0.62681912681912677066,8665.0008916854858398,0.5340673519102023814,3.2376444006877704851,0.075417206327098570973,0.91688674773505174365,4057.6303569540486933
2630.3504588790674461,924.77467742521082528,0.11496735939991406528,0.4987546699875466949,5718.2865142822265625,0.45268740259673856396,5.557039021133132195,0.036592729892469311181,0.89370322181936046047,3168.5928734043463919
2771.1671628873368718,650.17384373600646086,0.14905680887374408994,0.52407638024076375061,7454.8645019531259095,0.39802256720624040742,4.5648773898150105666,0.043284023970741686282,0.88552181543808450304,3813.350198331777392
3393.9108375815558247,1046.942131042388155,0.26605624486731987988,0.48401826484018262153,8877.66265869140625,0.48656553455261614127,3.7022544035745443836,0.061469719753013588037,0.90063463223781148326,4180.1672946651870006
3367.8663960375442912,1209.2262527381901691,0.10362974707380652462,0.47799916977999168388,7331.54296875,0.57242227133204570677,4.3139608199891537055,0.047704790251260641154,0.91329245251860247112,3686.149470066759477
3894.1895882912635898,1148.5906641332103391,0.24610165392550614749,0.55043586550435863458,9208.0249786376953125,0.55072326482391653624,3.240222691279403211,0.13095953731901655015,0.91822041132075749026,4212.2063215541838872
2702.9615517188258309,765.7105117108955028,0.19285080190361100771,0.48858447488584472174,5126.0890960693359375,0.55431061321710584089,6.8683209309739812198,0.046575464248576177451,0.89259073973330116392,2803.7792741936027596
2598.4881630376421526,694.2947096524335393,0.21340478336422466499,0.61207970112079701508,6901.2336730957040345,0.35558552490347411501,4.884716693986473679,0.052563889732573247648,0.87908474327532304393,3704.381212544225491
3570.4667154824314821,1275.0195801124839363,0.17603323878541743408,0.61457036114570362528,8200.939178466796875,0.53131484382306748415,3.2498699774188839484,0.075930558485902202581,0.90807140671408792532,3875.5388691128832761
2948.3116294649348674,1085.6842530346580133,0.080604729089203297487,0.5178794178794178249,6480.9421420097351074,0.47941124431011084006,5.2079333093956448053,0.067715678501283238511,0.91317631718638070382,3611.1024052553211732
3514.9559216486868536,1317.7088934340490596,0.16778883528170793205,0.39850560398505602278,9525.8846282958984375,0.42053022452422811339,3.3624024079036036738,0.075863146420124399905,0.89755704553014248326,4518.7610001891061984
2846.7815840567900523,822.98506378880790635,0.23682186004003605295,0.54836031548360320009,7216.632843017578125,0.41010127805767443432,4.9011809293213461913,0.061207575567844674236,0.89203367469480676633,3789.982413473692759
2978.2404322648553716,964.62163269610800853,0.082150061034111238056,0.55375674553756748519,6732.4161529541015625,0.44871056232229417082,4.9094329760308417221,0.05675343471543578544,0.90009981351632295521,3713.7329928091871807
3318.1137006398002995,1168.4041819316623787,0.12841270485300951276,0.50684931506849317806,8646.97265625,0.49253688352029673103,3.7876981952670818465,0.050802157324442452635,0.90420372739664667261,4058.2177999913328676
2422.8537828840003385,647.90825615109440605,0.13260771478337127216,0.62308011623080117314,6233.327865600585028,0.32801430641636591945,5.2139421617780952189,0.046681422908745030809,0.86486991308679628254,3667.7783207930115168
2530.8361688388522452,740.80149656029720973,0.063394613778151420735,0.58634288086342878366,5878.2634735107421875,0.39267925192699404402,6.1410630841945783587,0.051201222833441993598,0.88111420720573963017,3354.4956971335286653
2742.3264371355389812,888.64975890095479372,0.19038086608424670265,0.51369863013698635612,7121.429443359375,0.39463477498876725624,4.7477416684901916355,0.039041974975351799448,0.88851266611036172627,3726.8017383884362062
3896.5929070956149189,1175.0847607076848362,0.12560108933186245328,0.53341635533416353887,9462.444305419921875,0.53558530688178040968,2.7339850015537021655,0.0612118587948364129,0.90921294567100630069,4338.2523175703490779
2884.3909567003638585,1152.7649885112716674,0.067303551837329014806,0.47737650477376503133,6221.735000610350653,0.47553063501736214658,5.6374015895858224923,0.058448721276270799996,0.90712267529823964463,3540.2794495364669274
2411.4629713920126051,625.18184002918428632,0.14586032297429443738,0.49792444997924451,6266.5042877197265625,0.35688567092124467983,5.4685670215054118515,0.035117601870860021274,0.87882893130398365145,3306.6030936092433876
3384.5026141708553951,1409.7515011419570783,0.28011539552769171291,0.49294312992943128959,7952.7912139892578125,0.48145068070973745522,4.6044583342590543751,0.11739781817027478139,0.91055855261881357698,4241.1867385157338504
3418.9223071707224335,1179.3545219254035601,0.29023847802028268639,0.48941469489414696215,8413.707733154296875,0.48193889881562507194,4.1562453990853667207,0.11691980252001112073,0.91115934308337198644,4228.9043248872094409
3409.2591863484676651,545.62486060515948338,0.2349411367566155151,0.4375259443752594346,9147.4056243896484375,0.41330744704419769553,2.616712659144258879,0.046801784078829601621,0.86678998452552047382,4304.988260726475346
3317.5876010059105283,1150.2517994156353325,0.064704290733480274156,0.49334719334719334682,8875.3754496574401855,0.45375548941657944946,3.4969721394027222239,0.082632479826320534566,0.90893972940039502451,4060.9966819924579795
2904.0983101047090713,873.22218629893507114,0.25639932005465876363,0.49439601494396012704,6726.837158203125,0.44994191123628751727,5.3060797951528462235,0.054703262270457214678,0.89628905580153706012,3833.6208771299207001
3373.5148561695013996,1582.496330349779555,0.17090901804920183293,0.46305520963055207817,6862.7758026123046875,0.60295803158333283189,4.5392264601097558341,0.044219160540515195512,0.91904216208396749543,3535.6436237834955136
3295.3271882689246013,1195.2728222913747231,0.17296149231973095839,0.54927234927234924733,8357.7426910400390625,0.46669191951145405639,3.3341819851092604488,0.056319403273893689499,0.90851220725205850126,3935.8242868216971146
3367.2114228104851463,1124.4202471330047501,0.28027306358997799984,0.51784973017849733612,8381.85882568359375,0.47828334782738851638,3.7863598533001630031,0.086977605898468923762,0.90567416944873280205,4086.860624915351309
3018.4028243360658053,603.03228258545743756,0.21014923697604739883,0.68128898128898129904,8103.2976150512695312,0.41264724321527002093,4.0899103506475169567,0.095827592215209020376,0.89034644490482917067,4079.677473935755188
3120.5439713108780779,1056.2658953341413053,0.24899321659167397702,0.53839767538397675928,7670.81451416015625,0.50956424128458821521,4.3584050620845351531,0.078789523512218892498,0.9036150538267694321,3664.7292878160083092
2483.1098896568569216,671.77991434889429456,0.21730210476271505371,0.58634288086342878366,6431.8656921386727845,0.34931695938851381467,5.2107360147535999317,0.046197808696093987935,0.87772836510477891814,3569.4364745798879994
2544.0192569783498584,686.96682013786471543,0.053981126010758870293,0.54773765047737654754,7558.485031127930597,0.30638799664302146519,5.1082784207604898796,0.052230032175383807325,0.86893003674171820361,3995.254970959493221
4359.158364299504683,1667.8791064207207455,0.28555403057580680537,0.49024491490244914704,10425.81939697265625,0.57324111969280444612,2.6993681977102070846,0.12562855381216547768,0.92587607258910054053,4618.0289665192494795
3128.5236968057752165,641.87498811361831486,0.21056262636899319984,0.67372353673723539558,8154.247283935546875,0.44911258451734853425,3.5317033811984703817,0.054785099112655381848,0.89355673245255096138,3859.8564194120986031
3161.2417610292018253,1312.0573727552027776,0.17285799390444600565,0.49024491490244914704,7381.6394805908203125,0.46941133234322557355,4.5919549548081262103,0.044278976968541328141,0.91037960999328193523,3875.407631926252634
2572.1547110433525631,888.43813808258391873,0.25064629366731128179,0.42278953922789541675,5950.653076171875,0.39962237698913732897,5.8517600805606235781,0.064255779864407613911,0.88970538637080465172,3529.843410936307464
3706.7592661771250278,1538.3588667221076776,0.19309757982511541186,0.49149024491490245214,8842.1115875244140625,0.57255437710027701215,3.4758350533669672977,0.074769490070910521462,0.92220100447528419174,4060.0875668676931127
3723.4205824435839531,902.3055258275946926,0.15910803255330330241,0.50352843503528432745,9589.290618896484375,0.4792702716594103296,2.9489762146655000841,0.054451519207337054085,0.89826967743635766084,4498.9720992134580229
2613.5580403117132846,775.49901191750257112,0.17544836851592204852,0.50767953507679530745,6313.0702972412109375,0.41592345115662210375,5.6203235078906343958,0.045979616299345597852,0.88679372400212941319,3417.4107607116966392
2965.0129562516585793,835.82339343664250464,0.20927071091579046991,0.49501867995018677959,8017.118453979493097,0.43041082902603428062,4.1966885410022420899,0.080431581582441999401,0.8933703435995882236,3867.0414697694068309
2924.627008671798194,855.99376202685709814,0.17265491406602734292,0.5016604400166043698,7558.588027954102472,0.46066667171349273691,4.5640534024756309606,0.059009388652739289127,0.89366268177207908163,3713.0599452918731913
3241.5408319271414257,830.9270686194334985,0.2317804488201330726,0.54420921544209210907,7869.9131011962890625,0.47794924821332646081,4.1827756516060068392,0.08516768715414263502,0.90369567307717302285,3953.2741193166316407
3161.0675295907485634,953.18166022064576737,0.35357964829540167173,0.45745122457451226072,6630.168914794921875,0.52100185209496552297,5.5906748275096340706,0.14137847505315004337,0.90531579892025937362,3712.4890957912025442
2534.2250690663063324,702.0790362262337112,0.23593469201015926373,0.53217102532171023377,6628.89862060546875,0.37053274776235956001,5.6323454264784453827,0.069749210504013683942,0.87584669236077883347,3606.4339655119238159
2975.3490057939343387,946.19817321440609703,0.27933954624740803263,0.53860523038605234714,7001.781463623046875,0.43392173868621847221,5.1265411425547577906,0.09314141260600650174,0.89642046780650608273,4034.5959099591968879
2453.8321578613631573,687.65977458233419384,0.15666914309785726078,0.55313408053134083264,5504.825592041015625,0.40805470822894118754,6.5153080616098435485,0.050750175130529096013,0.88058609897028017333,3435.1391793917050563
2718.1613083443071446,1172.4706211866327976,0.20920580516778058966,0.53030303030303027612,5840.72113037109375,0.46077130359101781121,6.1582047252829035244,0.055184531560474536782,0.90126558763830255661,3286.7034324010296586
2312.6870124532938462,596.72921352782623217,0.19670410182022640688,0.45724366957243667287,5563.3792877197265625,0.35237166603515923669,6.2194104372159344507,0.035407526469371272682,0.87814753809612866586,3313.8136758115101657
2666.7133233958402343,934.41794765842598736,0.27063408485181994489,0.56122872561228720478,6036.8728637695303405,0.42289568091928675386,5.9254873580786719955,0.05761134452810219575,0.89103184376228572461,3550.4001950841934558
3339.8708394151726679,1143.6237990432111928,0.20525080017149746614,0.45558322955583230307,8438.404083251953125,0.50602556486904526345,3.7503732741575990239,0.06341431400379231309,0.90753661988996203736,3917.7800546535659123
3342.3312405013502939,1013.0371563971209525,0.17319229133573871282,0.56724782067247825346,8268.5680389404296875,0.46806374258298127922,3.5770193498877747018,0.042643774335407176601,0.9013411295860261907,4078.177316173131203
2259.436992247768103,753.58588364658623959,0.14117651502904687844,0.5562474055624740954,4405.4660797119140625,0.40526373594694126146,7.6964351659916818704,0.053596860056798444061,0.88733853092020298359,2923.3801957028817924
3692.8106939212611906,1164.0555815855309447,0.27809908864352111957,0.51452885014528848551,9257.3833465576171875,0.49201889667376308424,3.3890398767915095313,0.097502459773815358668,0.91075260988537709572,4376.5868784536332896
3116.6457258322138841,1005.7798071553423824,0.20941246184638120931,0.57202158572021588601,8361.522674560546875,0.42591365706230410737,4.1550019210204816034,0.068746574839395072076,0.89524102766608637527,4136.3511305349838949
3436.7288304423286718,1496.6226809511365445,0.32348004644332611912,0.54719334719334722372,7768.77593994140625,0.55032951501748517131,4.3822484415675591052,0.18174161623090590023,0.92261086779691803272,3822.1951750964117309
1844.1025337916655644,516.54981993212231828,0.22490342877325175674,0.38812785388127851727,3540.4930114746098297,0.28770014293558104912,8.5379606322934282758,0.037564128159541590457,0.85252263863357402585,2935.7369747927778008
3680.907383810194915,1395.5355614608060932,0.19481952976892197293,0.50996264009962644081,9089.183807373046875,0.5098425753075552791,3.4404561879824449022,0.080034440146889346268,0.91467865160824179949,4283.519458348309854
2374.7405677790425216,683.17009369062213864,0.094704690501928451285,0.51951017019510170591,5075.099945068359375,0.40871884892266768796,6.8598263161700634427,0.058734914927747614022,0.88328969425023051709,3257.7364751262402933
2555.8779126414056009,950.56752069959350138,0.24118519075647379402,0.53237858032378582163,5768.5947418212890625,0.40110318635181169133,6.0485043191978018484,0.051811008623707230369,0.88715348497702650743,3405.5153801950746129
2757.0283851201334073,1015.7799281803203257,0.21925389721131635645,0.50643420506434200234,6134.2849731445303405,0.46666212242754123718,5.6115233973469456075,0.05296478354193448479,0.89533219716540435318,3470.9630729746563702
2923.7360627297248357,858.96890176748331669,0.19929535822962521352,0.50373599003735991531,7784.6832275390625,0.41338833999671731334,4.5065971424837014681,0.041230520942559661934,0.88904209737021588911,4003.4293121115420035
3256.3660070223477305,1225.3716763515465118,0.16807099166178629535,0.5653798256537982958,7511.1179351806640625,0.52636167343583839529,4.4238307133725989218,0.054951065914323742045,0.91131241410456609309,3777.2229714120503559
3509.8826572203524847,1060.880059060189069,0.17167865319287681225,0.53839767538397675928,9215.847015380859375,0.48396142208203440926,3.0342181143890436523,0.05200851624834403053,0.90366441271993458439,4118.0651064346275234
2128.6462054972735132,649.63026869274006003,0.22774611450970308479,0.4933582399335824098,4338.0603790283203125,0.31596102099523493134,7.9965133629324371967,0.051360423703494070824,0.86557008956589431836,3323.1689023808744423
